"product_id","product_name","total_reviews","revenue"
"P111","Mouse","1044","26411.0"
"2","Product_2","10836","2866441.2"
"6","Product_6","3240","530565.6599999999"
"10","Product_10","4800","1734484.5"
"11","Product_11","2184","81509.54"
"20","Product_20","2736","1094386.92"
"22","Product_22","7428","388688.4499999999"
"24","Product_24","10200","1280224.4999999998"
"27","Product_27","5292","553986.4000000001"
"30","Product_30","8280","129341.79"
"31","Product_31","11148","1684878.03"
"32","Product_32","11844","526177.85"
"33","Product_33","6228","214978.80000000002"
"34","Product_34","840","2579045.1"
"35","Product_35","7668","2315454.06"
"36","Product_36","4788","2634755.4799999995"
"37","Product_37","11736","783884.9600000001"
"39","Product_39","9120","1978337.2"
"43","Product_43","7860","125910.35999999999"
"44","Product_44","11328","3034218.3699999996"
"52","Product_52","1704","2077936.74"
"58","Product_58","6972","571358.01"
"59","Product_59","1572","165873.84"
"61","Product_61","8760","1183215.6"
"62","Product_62","11196","597682.7999999999"
"64","Product_64","3660","1287291.51"
"65","Product_65","10980","895476.96"
"72","Product_72","5100","650754.5599999999"
"74","Product_74","2136","2987640.1499999994"
"82","Product_82","7116","1695570.2400000002"
"83","Product_83","7968","1042447.0399999999"
"88","Product_88","11448","1660015.0199999998"
"92","Product_92","7176","1632753.5999999999"
"104","Product_104","6168","1341209.7600000002"
"109","Product_109","10104","459440.10000000003"
"114","Product_114","7644","2965556.4400000004"
"115","Product_115","8148","1944307.1199999996"
"118","Product_118","4128","479838.14999999997"
"132","Product_132","3324","648836.2999999999"
"133","Product_133","6384","365201.41000000003"
"134","Product_134","1848","1027728.5199999999"
"156","Product_156","5364","705732.28"
"158","Product_158","11052","1756054.0"
"159","Product_159","9120","513942.32999999996"
"164","Product_164","1164","2003336.94"
"172","Product_172","4548","83685.35"
"173","Product_173","2136","1044299.6"
"180","Product_180","3216","641189.2499999999"
"183","Product_183","11040","2984543.9999999995"
"187","Product_187","1968","3096790.2399999998"
"188","Product_188","5820","1480527.62"
"200","Product_200","9936","1830849.2799999998"
"203","Product_203","3216","552990.05"
"205","Product_205","9300","2117949.2"
"210","Product_210","3396","431883.0"
"217","Product_217","1548","1215632.4000000001"
"219","Product_219","7356","1926763.0"
"223","Product_223","7428","288493.92"
"230","Product_230","9444","1743850.5399999998"
"234","Product_234","10884","1537832.7999999998"
"239","Product_239","6900","2831025.2399999998"
"249","Product_249","6072","3284761.85"
"250","Product_250","8820","3255996.04"
"254","Product_254","9540","1129274.88"
"256","Product_256","6444","1215926.46"
"260","Product_260","9516","263429.1"
"261","Product_261","10992","1348495.9400000004"
"266","Product_266","2724","2769759.36"
"269","Product_269","5724","929568.95"
"271","Product_271","4464","2838598.7399999998"
"272","Product_272","5832","2320753.16"
"274","Product_274","7752","2462585.4000000004"
"275","Product_275","2532","1733724.8700000003"
"277","Product_277","11280","2713885.12"
"279","Product_279","4740","2218093.71"
"288","Product_288","11784","1857811.9000000001"
"293","Product_293","11832","3002804.15"
"299","Product_299","5004","2172943.55"
"300","Product_300","11772","258693.75"
"309","Product_309","900","2294855.34"
"321","Product_321","10308","1926184.5899999999"
"325","Product_325","10716","2209655.16"
"326","Product_326","3264","2662169.4"
"334","Product_334","11220","350900.27999999997"
"338","Product_338","1488","1961577.12"
"342","Product_342","10260","1352679.8699999999"
"345","Product_345","6948","1293452.7"
"347","Product_347","5304","2161496.16"
"356","Product_356","7548","1902147.0"
"362","Product_362","4812","2376563.64"
"364","Product_364","4716","1721450.64"
"367","Product_367","10140","3468419.06"
"368","Product_368","2484","2503200.5999999996"
"374","Product_374","2628","2264737.09"
"377","Product_377","7236","2699656.59"
"381","Product_381","6600","341195.26"
"390","Product_390","10152","2852092.1399999997"
"392","Product_392","7152","1103166.0"
"396","Product_396","10272","3214865.16"
"397","Product_397","3240","3161988.0500000003"
"402","Product_402","11328","2056411.5199999998"
"405","Product_405","11364","1013040.58"
"414","Product_414","8616","1624492.4000000004"
"423","Product_423","11316","342524.4999999999"
"428","Product_428","9948","2042952.77"
"430","Product_430","11232","316827.35000000003"
"432","Product_432","3432","2462049.6999999997"
"436","Product_436","4512","2198115.1000000006"
"440","Product_440","2436","356953.95"
"442","Product_442","8868","2774331.97"
"443","Product_443","11460","849320.6400000001"
"446","Product_446","492","2924375.19"
"449","Product_449","11856","1114605.0"
"461","Product_461","192","379774.98"
"468","Product_468","420","2131738.96"
"475","Product_475","7932","2152307.8499999996"
"478","Product_478","3312","1774899.28"
"482","Product_482","11148","2804633.8"
"484","Product_484","5340","1232258.5599999998"
"487","Product_487","420","185625.0"
"488","Product_488","11724","880905.1200000001"
"489","Product_489","5784","2975841.5500000003"
"490","Product_490","8736","2923215.1199999996"
"491","Product_491","5760","1360014.45"
"496","Product_496","5172","1026206.64"
"500","Product_500","7056","2207922.0900000003"
"502","Product_502","6708","2232174.72"
"505","Product_505","7908","2442661.88"
"511","Product_511","6396","1344127.2"
"527","Product_527","6948","1160445.78"
"536","Product_536","9228","2594430.74"
"569","Product_569","8412","2559226.8"
"570","Product_570","11976","1331489.3399999999"
"572","Product_572","3624","2197152.7199999997"
"573","Product_573","10572","1171507.7999999998"
"574","Product_574","2280","2066276.7899999998"
"581","Product_581","9684","1553886.3"
"590","Product_590","4584","449865.9"
"594","Product_594","6588","866813.4200000002"
"599","Product_599","9468","590160.3799999999"
"600","Product_600","9828","110784.93000000004"
"605","Product_605","6612","438216.11999999994"
"607","Product_607","8448","825942.2599999999"
"608","Product_608","9348","1138915.26"
"614","Product_614","6696","346890.62999999995"
"617","Product_617","2016","213740.41"
"620","Product_620","3984","2096177.7599999998"
"621","Product_621","7008","594803.16"
"622","Product_622","5472","706964.0399999998"
"623","Product_623","11484","1062839.96"
"627","Product_627","2880","1341001.4"
"630","Product_630","7224","728815.6799999999"
"631","Product_631","1236","2304437.8500000006"
"641","Product_641","5172","94166.82"
"643","Product_643","8268","613055.3"
"656","Product_656","7908","427709.4000000001"
"657","Product_657","9012","984831.9"
"660","Product_660","1008","1591821.44"
"661","Product_661","1356","1021093.91"
"666","Product_666","7860","266291.67000000004"
"672","Product_672","1260","2822234.2999999993"
"674","Product_674","5400","1761112.6499999997"
"675","Product_675","9828","1337363.75"
"682","Product_682","1416","894659.04"
"686","Product_686","6480","2304848.4000000004"
"689","Product_689","5448","2709018.0"
"690","Product_690","8004","642337.38"
"692","Product_692","6168","681695.5800000001"
"693","Product_693","7260","1837455.8999999997"
"694","Product_694","8136","779062.6699999999"
"696","Product_696","10944","1678868.6400000001"
"705","Product_705","9996","243460.77999999994"
"708","Product_708","11700","2166234.93"
"718","Product_718","4896","2245473.88"
"721","Product_721","9552","2952090.2400000007"
"722","Product_722","3324","611447.76"
"728","Product_728","5148","1876891.2800000003"
"736","Product_736","4368","3374889.6399999997"
"739","Product_739","5412","1324880.4600000002"
"740","Product_740","2340","1102217.27"
"744","Product_744","492","1507107.4500000002"
"750","Product_750","8064","2371328.0"
"762","Product_762","84","1046919.6000000001"
"770","Product_770","9444","2521383.04"
"772","Product_772","2424","2847940.83"
"779","Product_779","5700","2544758.22"
"782","Product_782","9804","1590453.8"
"783","Product_783","10572","736355.2"
"784","Product_784","9672","1035585.6000000001"
"789","Product_789","8256","1426677.45"
"793","Product_793","5832","1081150.53"
"796","Product_796","4656","2648148.8"
"803","Product_803","4128","1603105.98"
"806","Product_806","900","2706880.5"
"815","Product_815","2808","1546815.5999999999"
"823","Product_823","6504","1325263.36"
"830","Product_830","1488","1228466.8"
"831","Product_831","10428","864611.5600000002"
"835","Product_835","8496","1764598.5899999996"
"836","Product_836","9432","1094554.98"
"838","Product_838","4428","1049675.3399999999"
"845","Product_845","10956","520108.6200000001"
"848","Product_848","3336","3467218.1999999993"
"849","Product_849","816","1393984.2299999997"
"851","Product_851","1980","204522.8"
"857","Product_857","10248","138770.9"
"859","Product_859","4548","1564446.2000000002"
"861","Product_861","11364","2295617.67"
"863","Product_863","6648","1441906.5"
"866","Product_866","1308","1504576.7000000002"
"869","Product_869","5964","2881228.08"
"872","Product_872","4596","762246.66"
"873","Product_873","6396","1515614.1799999997"
"876","Product_876","4308","362613.80000000005"
"877","Product_877","10032","2215043.8300000005"
"878","Product_878","5988","2422508.5500000003"
"880","Product_880","7248","765790.08"
"890","Product_890","5220","723008.79"
"893","Product_893","1188","2065241.4"
"895","Product_895","10200","2035684.7999999998"
"905","Product_905","6240","1876136.63"
"906","Product_906","3408","2481469.11"
"909","Product_909","7356","916660.1100000001"
"910","Product_910","1968","759451.2000000001"
"917","Product_917","3204","1260504.3599999999"
"920","Product_920","6708","503937.72"
"924","Product_924","9096","3417928.25"
"931","Product_931","240","506467.08"
"933","Product_933","6696","3299260.5599999996"
"943","Product_943","9840","2164444.5000000005"
"945","Product_945","6984","772553.44"
"949","Product_949","1224","2724373.0799999996"
"952","Product_952","11496","1921592.5"
"953","Product_953","2592","545167.78"
"955","Product_955","4788","1020478.03"
"957","Product_957","8580","1271854.02"
"958","Product_958","8448","139329.0"
"965","Product_965","11688","875272.2000000001"
"966","Product_966","8772","929380.9800000001"
"968","Product_968","7248","1039314.7200000001"
"969","Product_969","11364","1693385.5800000003"
"970","Product_970","8244","1437583.3599999999"
"975","Product_975","1956","121045.68000000005"
"978","Product_978","3948","155102.31999999998"
"979","Product_979","10080","1065475.0"
"4","Product_4","11412","1513329.48"
"7","Product_7","7584","178807.5"
"8","Product_8","10872","2068601.4400000002"
"14","Product_14","8748","462572.11"
"16","Product_16","6984","578763.18"
"17","Product_17","6672","818300.4"
"19","Product_19","9756","1349838.89"
"23","Product_23","7152","723364.3500000001"
"47","Product_47","5112","657271.8"
"48","Product_48","7992","1323434.4900000002"
"50","Product_50","10656","523898.5"
"57","Product_57","984","245512.80000000002"
"60","Product_60","7188","945265.7199999999"
"68","Product_68","10236","2089259.6399999997"
"73","Product_73","1932","47485.39"
"77","Product_77","10740","2041811.6199999999"
"78","Product_78","5880","310042.60000000003"
"79","Product_79","3924","1107045.92"
"80","Product_80","7176","385447.1599999999"
"81","Product_81","3468","2672107.6799999997"
"85","Product_85","6876","836819.1000000001"
"93","Product_93","2124","2061730.77"
"103","Product_103","6204","1171168.1199999999"
"105","Product_105","264","2595584.5"
"107","Product_107","684","1450527.66"
"116","Product_116","1032","3199901.21"
"122","Product_122","6852","2317761.19"
"130","Product_130","384","1102180.5"
"136","Product_136","816","559481.09"
"137","Product_137","10536","1707197.7999999998"
"138","Product_138","10608","1961212.4400000002"
"139","Product_139","2568","1056350.0"
"142","Product_142","8928","749261.3999999998"
"144","Product_144","948","711772.3200000001"
"151","Product_151","8160","1951100.2799999998"
"153","Product_153","9552","358666.0"
"154","Product_154","312","1470821.4400000002"
"155","Product_155","10572","1874991.5999999999"
"157","Product_157","792","2512562.3999999994"
"160","Product_160","3048","2723116.97"
"161","Product_161","10788","1259781.75"
"167","Product_167","9288","1006817.1299999999"
"171","Product_171","7212","1947371.1900000002"
"174","Product_174","5124","951717.1200000001"
"178","Product_178","9348","970560.63"
"179","Product_179","6048","1613665.2399999998"
"184","Product_184","6096","2924726.2399999993"
"189","Product_189","7164","1206317.7"
"192","Product_192","10860","2414020.0"
"196","Product_196","2856","1359383.98"
"201","Product_201","5616","2301635.3000000003"
"209","Product_209","3108","56580.33999999999"
"211","Product_211","7512","1302326.96"
"213","Product_213","480","2233739.52"
"215","Product_215","11148","2769069.8499999996"
"218","Product_218","6240","2299865.909999999"
"221","Product_221","10704","2093844.2"
"222","Product_222","8256","1759661.26"
"226","Product_226","11880","792728.31"
"231","Product_231","6528","2711316.1500000004"
"232","Product_232","7788","1645704.04"
"237","Product_237","192","994037.92"
"238","Product_238","1548","113230.79999999999"
"246","Product_246","3120","2954811.7199999997"
"248","Product_248","1224","3022779.48"
"252","Product_252","2964","1035807.9000000001"
"253","Product_253","7680","2677653.1099999994"
"257","Product_257","1572","2875039.1999999997"
"264","Product_264","4584","1519721.7000000002"
"273","Product_273","5208","1712050.5999999996"
"276","Product_276","6864","1803899.75"
"280","Product_280","5400","2468118.04"
"289","Product_289","1572","779133.04"
"290","Product_290","7056","2166996.0999999996"
"291","Product_291","5712","144780.3"
"294","Product_294","3324","932396.23"
"295","Product_295","1872","368914.26"
"296","Product_296","9120","1840617.3499999999"
"297","Product_297","2616","2644741.3499999996"
"304","Product_304","492","2209413.2899999996"
"313","Product_313","10752","111758.40000000001"
"319","Product_319","10344","507253.32000000007"
"323","Product_323","3468","1405836.6"
"327","Product_327","11160","1903061.5100000002"
"328","Product_328","792","1511605.8"
"331","Product_331","2976","999373.15"
"335","Product_335","5448","177422.53"
"337","Product_337","7920","3199236.1499999994"
"340","Product_340","11616","261432.99"
"341","Product_341","9108","1538279.9"
"343","Product_343","7680","513168.88000000006"
"344","Product_344","2292","1376137.12"
"346","Product_346","6192","1759018.4500000002"
"348","Product_348","11052","177280.09000000003"
"352","Product_352","2292","2020401.6"
"353","Product_353","6396","1744302.45"
"354","Product_354","2724","620106.0"
"361","Product_361","5520","1186191.38"
"363","Product_363","6612","1230143.0399999998"
"369","Product_369","2520","624158.08"
"379","Product_379","10656","2873038.2399999998"
"380","Product_380","6696","858159.7599999999"
"382","Product_382","1704","1913143.8400000003"
"386","Product_386","8424","1936680.4800000004"
"387","Product_387","6564","887471.5700000001"
"388","Product_388","7908","665312.61"
"389","Product_389","6504","2576355.1"
"398","Product_398","1848","1274975.1"
"400","Product_400","8724","1687353.0"
"404","Product_404","7464","2706971.7"
"406","Product_406","10788","2391125.5199999996"
"411","Product_411","11760","767849.5399999999"
"413","Product_413","3924","3114852.5"
"417","Product_417","9156","1019450.6"
"418","Product_418","7632","987023.34"
"419","Product_419","4500","2648798.1"
"420","Product_420","7596","1726742.25"
"424","Product_424","4776","1083122.38"
"426","Product_426","11208","1416126.2400000002"
"427","Product_427","5244","1114446.5999999999"
"429","Product_429","8112","921019.8000000002"
"431","Product_431","5580","475519.5"
"434","Product_434","3840","340766.3400000001"
"437","Product_437","9840","322704.34"
"455","Product_455","7176","357718.32000000007"
"458","Product_458","1524","1218602.58"
"459","Product_459","3060","185518.28"
"462","Product_462","5724","2101105.68"
"466","Product_466","8040","1125256.8"
"469","Product_469","9348","727974.2399999999"
"473","Product_473","5628","197014.63999999998"
"474","Product_474","9204","2836430.96"
"479","Product_479","10428","3247190.4000000004"
"483","Product_483","2412","1464180.0"
"485","Product_485","10860","1499152.8"
"492","Product_492","780","1711467.4200000002"
"493","Product_493","96","1007057.1"
"497","Product_497","5088","1971254.37"
"499","Product_499","5256","3049223.81"
"506","Product_506","312","530527.5"
"508","Product_508","7260","1906240.0000000007"
"510","Product_510","2784","2365673.85"
"513","Product_513","6600","2527647.2"
"514","Product_514","9456","2518062.2"
"518","Product_518","1584","2189932.02"
"519","Product_519","9876","2701526.4"
"520","Product_520","5460","476998.37999999995"
"524","Product_524","4872","1952321.8"
"533","Product_533","4164","3365788.36"
"535","Product_535","4332","2481272.1"
"537","Product_537","7008","2668812.1799999997"
"539","Product_539","11208","1368348.02"
"542","Product_542","7980","2322726.8399999994"
"551","Product_551","5604","1579604.6400000001"
"552","Product_552","4560","2568662.94"
"556","Product_556","1116","1201296.96"
"560","Product_560","5088","1970907.8"
"561","Product_561","1704","2413834.5599999996"
"562","Product_562","3492","689793.74"
"568","Product_568","7836","1793890.3500000003"
"578","Product_578","10704","3123677.4200000004"
"580","Product_580","7224","764967.9700000002"
"584","Product_584","11340","815000.07"
"593","Product_593","4128","590421.3899999999"
"598","Product_598","10272","454208.99999999994"
"601","Product_601","6852","517718.04"
"604","Product_604","492","309844.85"
"611","Product_611","10884","158207.28000000003"
"612","Product_612","3996","2574561.749999999"
"618","Product_618","7440","772609.95"
"619","Product_619","228","2569481.13"
"628","Product_628","11148","2670375.0"
"629","Product_629","3612","175112.75999999998"
"632","Product_632","11856","2701327.6399999997"
"636","Product_636","1836","1279329.03"
"637","Product_637","10308","1800760.9500000002"
"644","Product_644","8244","923115.6400000004"
"645","Product_645","10224","331620.52"
"646","Product_646","10200","2687342.68"
"649","Product_649","3888","2345749.5599999996"
"651","Product_651","8076","309073.04999999993"
"664","Product_664","4536","585215.4"
"670","Product_670","11508","758655.04"
"678","Product_678","3192","1174281.1"
"679","Product_679","10920","3002438.8800000004"
"680","Product_680","2520","1996812.01"
"681","Product_681","6756","2255250.6"
"685","Product_685","6612","2886503.2800000007"
"688","Product_688","1008","786873.2000000001"
"691","Product_691","7548","939275.7"
"695","Product_695","4644","358733.83999999997"
"698","Product_698","3552","1734306.7499999998"
"700","Product_700","972","1100299.0"
"704","Product_704","2820","441616.4200000001"
"706","Product_706","3732","2290998.84"
"711","Product_711","2556","2725985.19"
"714","Product_714","1524","1122204.7800000003"
"715","Product_715","2676","974985.03"
"723","Product_723","5256","218532.96000000002"
"725","Product_725","7896","1782168.24"
"729","Product_729","4500","530024.17"
"738","Product_738","9600","2392300.12"
"742","Product_742","2064","846756.56"
"748","Product_748","900","1943633.52"
"751","Product_751","9900","360313.52"
"752","Product_752","1416","3519126.4800000004"
"753","Product_753","7344","2275394.0400000005"
"754","Product_754","4560","943559.4999999999"
"755","Product_755","11148","474325.10000000003"
"756","Product_756","11040","1601314.9200000002"
"758","Product_758","3480","1515614.98"
"760","Product_760","8016","2501838.08"
"761","Product_761","11196","559358.7999999999"
"771","Product_771","8028","344934.72000000003"
"778","Product_778","5748","1523671.5599999998"
"787","Product_787","4704","1846701.0799999996"
"788","Product_788","11160","1554332.22"
"790","Product_790","7536","3386086.95"
"792","Product_792","2448","2014308.32"
"795","Product_795","372","66170.40000000001"
"801","Product_801","11112","1517967.0"
"813","Product_813","5376","481646.1999999999"
"814","Product_814","11844","2303639.1799999997"
"819","Product_819","9924","192595.78"
"820","Product_820","1500","1022272.5199999998"
"821","Product_821","10932","2953286.99"
"824","Product_824","11256","937293.4200000002"
"826","Product_826","1464","2547926.55"
"828","Product_828","6588","1323252.3800000001"
"832","Product_832","420","1254700.8"
"837","Product_837","2412","2581358.3000000003"
"840","Product_840","924","2379687.4800000004"
"841","Product_841","708","75285.84"
"850","Product_850","828","2200843.9600000004"
"855","Product_855","8088","697304.3"
"862","Product_862","10788","1323751.98"
"865","Product_865","4992","1383187.38"
"870","Product_870","4092","2585801.7899999996"
"885","Product_885","10908","1943052.16"
"887","Product_887","10392","1422028.74"
"892","Product_892","3276","2959275.85"
"894","Product_894","9168","1053009.03"
"897","Product_897","2568","957551.6900000001"
"898","Product_898","9132","2575929.29"
"902","Product_902","1980","103449.78"
"912","Product_912","7908","704146.66"
"913","Product_913","768","1773503.5499999998"
"914","Product_914","1092","1552050.8399999999"
"915","Product_915","1404","1855715.94"
"919","Product_919","8220","2465625.24"
"928","Product_928","6204","1641391.1"
"937","Product_937","10596","119271.90000000001"
"939","Product_939","7992","413726.73"
"940","Product_940","3648","1728632.14"
"942","Product_942","8976","2087637.6799999997"
"954","Product_954","4884","2911899.69"
"959","Product_959","9132","561054.0599999999"
"961","Product_961","9048","332829.63000000006"
"964","Product_964","11388","1196282.7"
"971","Product_971","9012","2191226.3999999994"
"972","Product_972","9264","3230487.1599999997"
"973","Product_973","10836","2025953.8199999996"
"974","Product_974","4380","546862.6000000001"
"976","Product_976","576","789640.7400000001"
"977","Product_977","6132","1768302.6800000002"
"984","Product_984","10572","180531.00999999998"
"985","Product_985","8844","1802033.95"
"986","Product_986","10368","1492860.55"
"987","Product_987","10080","2460428.16"
"988","Product_988","1764","1175200.6400000001"
"998","Product_998","3444","401978.71"
"999","Product_999","8640","2161032.02"
"9","Product_9","10176","1717576.3499999999"
"12","Product_12","11892","2891740.7100000004"
"13","Product_13","7416","2176219.08"
"15","Product_15","2460","557080.0"
"18","Product_18","10092","1194552.0"
"21","Product_21","8352","1669886.8800000001"
"26","Product_26","10500","2031285.5999999999"
"28","Product_28","6396","1595194.3"
"40","Product_40","2436","1416848.1600000001"
"41","Product_41","1776","525242.2999999999"
"42","Product_42","5664","1518918.03"
"46","Product_46","11004","1896483.2000000002"
"51","Product_51","10752","2742820.6399999997"
"53","Product_53","3756","3722795.9999999995"
"55","Product_55","3768","2084448.9600000002"
"66","Product_66","4452","1496208.8399999999"
"70","Product_70","10896","3454076.49"
"76","Product_76","8496","2146866.48"
"84","Product_84","6876","265246.5"
"94","Product_94","6348","1541706.3299999998"
"95","Product_95","7320","1368283.5699999998"
"97","Product_97","5928","1237251.25"
"98","Product_98","2376","1136874.24"
"100","Product_100","6924","346429.70999999996"
"106","Product_106","1344","918958.7999999999"
"108","Product_108","792","2440381.0"
"111","Product_111","1728","887166.1100000001"
"113","Product_113","5220","3520168.4"
"117","Product_117","7056","2917625.26"
"119","Product_119","11232","2843115.6599999997"
"123","Product_123","7800","482682.51999999996"
"124","Product_124","7332","327853.75999999995"
"126","Product_126","2916","1045525.02"
"129","Product_129","11520","62034.0"
"131","Product_131","4692","1094921.88"
"135","Product_135","4596","2734676.7800000003"
"140","Product_140","7860","3274870.1399999997"
"143","Product_143","2556","1319740.7"
"148","Product_148","9384","1779602.1300000001"
"152","Product_152","696","1029792.14"
"163","Product_163","528","2176356.6000000006"
"166","Product_166","2724","2985783.4500000007"
"169","Product_169","5232","195321.26000000004"
"175","Product_175","10980","1746029.8800000001"
"177","Product_177","3684","1935621.7799999996"
"185","Product_185","5712","916686.1199999999"
"186","Product_186","3564","2217679.34"
"194","Product_194","10932","2153271.57"
"195","Product_195","11328","901083.4799999999"
"198","Product_198","2520","3002482.02"
"199","Product_199","6648","2272954.9799999995"
"202","Product_202","5448","209178.60000000003"
"206","Product_206","10176","73200.75000000001"
"207","Product_207","4644","386775.69"
"212","Product_212","10500","1697141.1600000001"
"216","Product_216","2640","561632.28"
"220","Product_220","11136","3115835.25"
"227","Product_227","11592","3489695.44"
"228","Product_228","4392","1465915.1"
"241","Product_241","10644","2719192.869999999"
"243","Product_243","8040","2523266.46"
"244","Product_244","3228","1190178.2899999998"
"245","Product_245","1944","68208.8"
"251","Product_251","6852","994950.0"
"259","Product_259","2352","1941623.98"
"262","Product_262","11160","3336344.12"
"268","Product_268","5712","1366123.29"
"270","Product_270","3180","1046146.4700000001"
"281","Product_281","11316","2623398.4"
"283","Product_283","10512","932213.53"
"292","Product_292","9576","107960.04000000001"
"298","Product_298","2280","590238.74"
"306","Product_306","11316","3812158.5500000003"
"310","Product_310","11436","748281.8600000001"
"312","Product_312","2112","226959.68000000005"
"314","Product_314","7944","3395127.01"
"316","Product_316","10044","2156127.1899999995"
"317","Product_317","7440","1281295.1100000003"
"320","Product_320","9396","729146.46"
"332","Product_332","1872","2392918.35"
"350","Product_350","9672","2046514.8"
"351","Product_351","1716","1420901.6500000001"
"359","Product_359","7848","2904781.75"
"372","Product_372","7752","95420.12000000001"
"376","Product_376","5316","1054712.75"
"378","Product_378","4248","94081.4"
"384","Product_384","6012","2504295.0"
"385","Product_385","10080","2145289.7600000002"
"393","Product_393","10572","1171405.95"
"394","Product_394","3372","2176298.8"
"395","Product_395","5088","1282600.8"
"403","Product_403","996","1107389.0999999999"
"409","Product_409","8556","2648720.2"
"410","Product_410","3408","266960.61"
"412","Product_412","2076","3212417.52"
"422","Product_422","9444","2411974.9800000004"
"435","Product_435","8076","258796.50000000003"
"438","Product_438","1068","2426443.4400000004"
"439","Product_439","7848","1574379.6"
"447","Product_447","8496","3452476.14"
"448","Product_448","816","1739943.6800000004"
"450","Product_450","9312","316248.58"
"451","Product_451","6168","2160831.05"
"452","Product_452","10476","1598690.2100000002"
"453","Product_453","7644","1247156.9900000002"
"456","Product_456","11244","1799434.35"
"465","Product_465","5184","2214850.5599999996"
"476","Product_476","3900","3515858.12"
"480","Product_480","11556","1648506.7800000003"
"494","Product_494","3612","558989.6400000001"
"501","Product_501","2088","2900080.48"
"504","Product_504","10476","2446572.170000001"
"515","Product_515","6060","131643.04"
"516","Product_516","8028","103227.94999999998"
"523","Product_523","9264","3566043.6100000003"
"525","Product_525","912","2940629.9400000004"
"526","Product_526","11292","1641699.0"
"534","Product_534","11412","1708753.76"
"538","Product_538","1044","743357.52"
"543","Product_543","8664","873468.3800000001"
"544","Product_544","10956","1202814.36"
"546","Product_546","9360","1125640.75"
"547","Product_547","3144","343755.36000000004"
"549","Product_549","3396","1649339.0999999999"
"553","Product_553","4344","1558698.57"
"554","Product_554","5388","1673347.2"
"567","Product_567","8268","1056145.4800000002"
"577","Product_577","4848","490529.00000000006"
"586","Product_586","3816","819523.9199999999"
"587","Product_587","7416","233344.19999999995"
"589","Product_589","9864","352909.18"
"595","Product_595","9804","2615798.57"
"597","Product_597","6348","2176670.16"
"603","Product_603","2196","497739.88"
"606","Product_606","4764","1460075.7599999998"
"609","Product_609","5928","1522598.1"
"610","Product_610","7908","2446321.25"
"624","Product_624","1308","1505276.32"
"633","Product_633","3000","1614766.5599999998"
"635","Product_635","6240","277595.1"
"639","Product_639","4116","870472.6"
"640","Product_640","8040","1547886.72"
"642","Product_642","8724","950734.26"
"648","Product_648","11544","1995444.8400000003"
"650","Product_650","11880","1533035.7"
"652","Product_652","7668","1616823.03"
"653","Product_653","5040","1483064.3099999998"
"655","Product_655","5820","1406485.44"
"667","Product_667","492","796750.5"
"669","Product_669","9240","463580.69999999995"
"671","Product_671","9564","433847.14"
"677","Product_677","11676","391418.04000000004"
"683","Product_683","8556","565044.1300000001"
"684","Product_684","4524","2606532.8400000003"
"697","Product_697","4200","719831.16"
"712","Product_712","6888","1810134.0799999996"
"716","Product_716","11052","3026535.84"
"717","Product_717","3348","2379186.72"
"719","Product_719","6060","344292.75000000006"
"724","Product_724","1284","2781809.85"
"730","Product_730","876","680769.15"
"731","Product_731","11388","561619.17"
"732","Product_732","11976","2183107.0799999996"
"734","Product_734","360","2352582.8800000004"
"737","Product_737","10392","1353971.7"
"741","Product_741","1872","1525875.5999999999"
"743","Product_743","10164","2588733.14"
"745","Product_745","756","828614.6000000002"
"747","Product_747","4320","1129223.7"
"749","Product_749","6720","2524840.4999999995"
"757","Product_757","8148","2182020.3000000003"
"763","Product_763","2352","820352.0"
"765","Product_765","6816","172108.80000000002"
"766","Product_766","9996","2082336.3000000003"
"767","Product_767","2316","2121283.7399999998"
"769","Product_769","1776","1113794.37"
"774","Product_774","10968","1017173.04"
"776","Product_776","5028","552727.38"
"777","Product_777","5124","666686.96"
"780","Product_780","1512","2366195.8000000003"
"786","Product_786","3900","1494078.4800000002"
"791","Product_791","5280","587082.9600000001"
"794","Product_794","9996","1436511.23"
"797","Product_797","7500","3403787.1999999997"
"802","Product_802","4512","575646.5000000001"
"808","Product_808","9264","2128683.36"
"811","Product_811","5160","3428785.0"
"812","Product_812","4356","2033169.5"
"818","Product_818","3144","1209592.23"
"822","Product_822","2940","60776.729999999996"
"825","Product_825","5820","1823355.2800000003"
"829","Product_829","2040","2246634.2600000002"
"833","Product_833","1044","458855.5200000001"
"842","Product_842","5172","1836309.15"
"844","Product_844","6000","2731507.8600000003"
"852","Product_852","5868","2343912.9000000004"
"853","Product_853","3660","954508.5"
"854","Product_854","10908","2836597.4"
"858","Product_858","9852","1523907.95"
"860","Product_860","4116","196281.90000000002"
"867","Product_867","6756","508799.2800000001"
"868","Product_868","9144","600620.95"
"879","Product_879","4620","82808.18"
"881","Product_881","11508","603824.0399999999"
"882","Product_882","3360","1918186.38"
"889","Product_889","11952","386859.69999999995"
"891","Product_891","6108","1717982.2800000003"
"896","Product_896","1248","608476.0499999999"
"899","Product_899","7968","69978.48"
"903","Product_903","11988","431859.55"
"907","Product_907","6204","2680209.09"
"908","Product_908","7884","1255982.0000000002"
"923","Product_923","7932","2356771.4000000004"
"930","Product_930","2208","863286.2000000001"
"935","Product_935","6984","451069.74"
"936","Product_936","6348","1051500.38"
"938","Product_938","1764","2363858.28"
"941","Product_941","7440","996294.78"
"951","Product_951","5004","2088616.5999999999"
"956","Product_956","11076","1138507.85"
"960","Product_960","5988","2110881.0"
"963","Product_963","8292","745549.2000000001"
"980","Product_980","1392","1661433.2"
"982","Product_982","10188","1940732.0000000005"
"983","Product_983","4044","373540.82000000007"
"990","Product_990","9672","3150280.4999999995"
"994","Product_994","156","1141688.7200000002"
"996","Product_996","5928","277569.94999999995"
"1","Product_1","2640","1222558.4"
"3","Product_3","1956","2049757.2000000002"
"5","Product_5","2640","501109.62"
"25","Product_25","3000","1267509.75"
"29","Product_29","2352","1668410.5"
"38","Product_38","8064","372436.35"
"45","Product_45","2388","1044435.7000000001"
"49","Product_49","5904","1322976.0"
"54","Product_54","1980","3113183.0"
"56","Product_56","252","2758753.4"
"63","Product_63","11808","2926956.2700000005"
"67","Product_67","10284","315935.75999999995"
"69","Product_69","4608","307127.0"
"71","Product_71","5340","2620201.1599999997"
"75","Product_75","7548","2088527.65"
"86","Product_86","4248","1069344.71"
"87","Product_87","336","2308272.64"
"89","Product_89","516","2660578.3000000003"
"90","Product_90","8172","1241022.5"
"91","Product_91","5076","388666.8"
"96","Product_96","11592","1254383.4700000002"
"99","Product_99","7320","102772.68000000001"
"101","Product_101","10104","117562.08"
"102","Product_102","10236","1825074.0599999998"
"110","Product_110","1176","314616.77999999997"
"112","Product_112","10560","454867.2"
"120","Product_120","3528","1806968.6800000002"
"121","Product_121","11472","2201054.52"
"125","Product_125","8448","656077.44"
"127","Product_127","9972","2737445.7600000007"
"128","Product_128","6732","2258754.4"
"141","Product_141","4512","3549917.34"
"145","Product_145","8712","829572.0"
"146","Product_146","7536","164052.78"
"147","Product_147","7248","1625362.2699999998"
"149","Product_149","11076","199217.28"
"150","Product_150","4572","690780.69"
"162","Product_162","11616","2019872.48"
"165","Product_165","6648","295108.91000000003"
"168","Product_168","8148","615417.59"
"170","Product_170","9492","1507084.3399999999"
"176","Product_176","8508","620908.0"
"181","Product_181","7032","777889.2500000001"
"182","Product_182","96","310193.07"
"190","Product_190","864","820782.3200000001"
"191","Product_191","6804","299745.03"
"193","Product_193","6708","2414453.47"
"197","Product_197","1248","3067098.3000000007"
"204","Product_204","4632","1727155.1999999995"
"208","Product_208","10524","1854204.2299999997"
"214","Product_214","5832","489562.20000000007"
"224","Product_224","7356","1711420.0200000003"
"225","Product_225","3120","1048674.6"
"229","Product_229","9096","3698409.92"
"233","Product_233","6288","1463891.6599999997"
"235","Product_235","9768","474197.25"
"236","Product_236","10644","1963533.1500000001"
"240","Product_240","1308","652952.8200000001"
"242","Product_242","6396","3171404.7399999998"
"247","Product_247","11088","1376113.85"
"255","Product_255","10044","483171.5"
"258","Product_258","4236","2057333.5799999998"
"263","Product_263","7992","447898.5"
"265","Product_265","7740","3269270.5999999996"
"267","Product_267","8412","1640543.7399999998"
"278","Product_278","4524","1268365.8600000003"
"282","Product_282","4368","845352.86"
"284","Product_284","5484","308089.60000000003"
"285","Product_285","8700","1527315.0"
"286","Product_286","8736","203309.59000000003"
"287","Product_287","2712","1691616.4799999997"
"301","Product_301","8100","186629.74"
"302","Product_302","8304","1460440.98"
"303","Product_303","6552","1238194.6199999999"
"305","Product_305","3684","2701081.04"
"307","Product_307","4056","1523031.6500000001"
"308","Product_308","3768","1034001.9200000002"
"311","Product_311","3348","1347521.9799999997"
"315","Product_315","3276","2358737.92"
"318","Product_318","7812","373378.14"
"322","Product_322","11172","2251326.72"
"324","Product_324","8688","940527.0699999998"
"329","Product_329","5796","1121779.7999999998"
"330","Product_330","11232","837763.3199999998"
"333","Product_333","564","78779.99999999999"
"336","Product_336","2412","156218.44000000003"
"339","Product_339","12","1728381.2"
"349","Product_349","9780","819610.7200000001"
"355","Product_355","3756","239060.91"
"357","Product_357","11388","114174.12"
"358","Product_358","3624","1152998.64"
"360","Product_360","11952","2375982.4200000004"
"365","Product_365","10404","2918972.9099999997"
"366","Product_366","9168","1114157.7200000002"
"370","Product_370","1380","307009.98000000004"
"371","Product_371","8844","303816.15"
"373","Product_373","3012","372289.5"
"375","Product_375","4884","197739.36000000002"
"383","Product_383","7344","1478842.7499999998"
"391","Product_391","6084","3650361.0"
"399","Product_399","7368","2817189.7199999997"
"401","Product_401","7944","363596.3499999999"
"407","Product_407","5112","1010584.4500000001"
"408","Product_408","3300","56089.03999999999"
"415","Product_415","756","1816951.68"
"416","Product_416","876","1333053.5399999998"
"421","Product_421","6096","2472250.9000000004"
"425","Product_425","1440","183826.61"
"433","Product_433","3180","1926146.8599999999"
"441","Product_441","9852","299655.2300000001"
"444","Product_444","4008","1474212.3399999999"
"445","Product_445","2664","2633045.7600000007"
"454","Product_454","7464","3091171.1"
"457","Product_457","7584","57847.14"
"460","Product_460","8340","402322.05000000005"
"463","Product_463","744","2114738.5"
"464","Product_464","10572","1829599.5599999998"
"467","Product_467","3216","715310.55"
"470","Product_470","6912","2795885.4000000004"
"471","Product_471","5928","61601.8"
"472","Product_472","6744","2766468.27"
"477","Product_477","3648","212550.54"
"481","Product_481","8208","2384571.15"
"486","Product_486","3888","2542681.59"
"495","Product_495","4116","1324156.38"
"498","Product_498","3984","182529.04"
"503","Product_503","6324","1093933.08"
"507","Product_507","9840","2549904.63"
"509","Product_509","4872","2218000.1999999997"
"512","Product_512","9828","1074356.01"
"517","Product_517","2148","1145612.45"
"521","Product_521","4176","2067010.9899999998"
"522","Product_522","6480","1186593.7399999998"
"528","Product_528","10248","804990.24"
"529","Product_529","5904","189791.96999999997"
"530","Product_530","2328","2557967.28"
"531","Product_531","11808","2930356.2700000005"
"532","Product_532","1944","3763945.8000000003"
"540","Product_540","3144","403654.0800000001"
"541","Product_541","2568","3045873.32"
"545","Product_545","6876","1867996.7900000005"
"548","Product_548","8760","2205779.91"
"550","Product_550","7776","2566249.8000000003"
"555","Product_555","5292","2664365.8000000003"
"557","Product_557","7452","402072.24"
"558","Product_558","9036","128185.75"
"559","Product_559","10404","2185239.51"
"563","Product_563","5184","412887.5"
"564","Product_564","8988","84350.8"
"565","Product_565","10224","976792.34"
"566","Product_566","9888","1863440.7399999998"
"571","Product_571","588","1719954.6"
"575","Product_575","1632","2599425.5300000003"
"576","Product_576","6660","2652930.8499999996"
"579","Product_579","10380","1390171.2000000002"
"582","Product_582","4092","2816229.52"
"583","Product_583","9084","1547349.2999999998"
"585","Product_585","8448","2066941.17"
"588","Product_588","4356","396425.60000000003"
"591","Product_591","2796","528277.52"
"592","Product_592","9324","1321787.46"
"596","Product_596","6636","1528951.41"
"602","Product_602","11220","713356.8"
"613","Product_613","1524","1924546.1400000004"
"615","Product_615","6684","3223785.4"
"616","Product_616","12","2485717.02"
"625","Product_625","3216","1132496.6400000001"
"626","Product_626","5340","1224155.2500000002"
"634","Product_634","5436","1921743.9999999998"
"638","Product_638","2088","839884.3599999999"
"647","Product_647","7896","1648346.28"
"654","Product_654","7128","2477309.7600000002"
"658","Product_658","4944","1310289.89"
"659","Product_659","11232","1795107.44"
"662","Product_662","8844","2782874.5300000003"
"663","Product_663","3984","1272790.5000000005"
"665","Product_665","9060","293846.27999999997"
"668","Product_668","11220","535560.9"
"673","Product_673","2424","292200.48"
"676","Product_676","10116","3457628.6399999997"
"687","Product_687","9252","1856989.5499999998"
"699","Product_699","3096","467130.57999999996"
"701","Product_701","11244","1878260.96"
"702","Product_702","3216","198213.54999999996"
"703","Product_703","5028","925203.42"
"707","Product_707","9756","872714.71"
"709","Product_709","11832","731521.1000000001"
"710","Product_710","4284","1350873.6400000001"
"713","Product_713","588","1403637.41"
"720","Product_720","3528","1711028.7"
"726","Product_726","5040","2218194.6"
"727","Product_727","7332","486018.68999999994"
"733","Product_733","7608","2351255.1799999997"
"735","Product_735","2256","1179542.58"
"746","Product_746","276","2775137.27"
"759","Product_759","5280","2790485.2800000003"
"764","Product_764","5052","2132377.25"
"768","Product_768","6708","2854817.0"
"773","Product_773","5328","342729.52"
"775","Product_775","11856","2284856.22"
"781","Product_781","4740","1854368.5"
"785","Product_785","6912","537362.07"
"798","Product_798","10524","1452458.74"
"799","Product_799","5208","1746401.2799999998"
"800","Product_800","10044","2528402.2800000003"
"804","Product_804","5316","1113196.72"
"805","Product_805","6948","1238914.16"
"807","Product_807","6684","2715298.08"
"809","Product_809","7992","1458918.98"
"810","Product_810","1860","398534.39999999997"
"816","Product_816","6756","1475617.52"
"817","Product_817","9816","2478483.6799999997"
"827","Product_827","1500","711758.9600000001"
"834","Product_834","7752","469765.59"
"839","Product_839","9564","2101114.54"
"843","Product_843","7656","433054.4999999999"
"846","Product_846","1308","1133614.08"
"847","Product_847","8832","301029.75"
"856","Product_856","4380","816190.68"
"864","Product_864","4248","1199815.68"
"871","Product_871","11304","1218262.0099999998"
"874","Product_874","3600","1523387.36"
"875","Product_875","1668","126960.82"
"883","Product_883","7644","94345.92"
"884","Product_884","5796","349129.27999999997"
"886","Product_886","1332","711088.7"
"888","Product_888","1668","777588.2999999999"
"900","Product_900","9144","293635.31999999995"
"901","Product_901","9444","507345.8000000001"
"904","Product_904","10236","1476858.3000000003"
"911","Product_911","10632","1547520.4000000001"
"916","Product_916","10392","1324617.36"
"918","Product_918","9864","3211280.64"
"921","Product_921","1680","2182278.02"
"922","Product_922","2952","1394683.64"
"925","Product_925","4740","1379287.4799999997"
"926","Product_926","5844","107568.76000000001"
"927","Product_927","5712","784806.0"
"929","Product_929","11724","1261218.6300000001"
"932","Product_932","11244","2189329.8600000003"
"934","Product_934","6288","1579119.8800000001"
"944","Product_944","10368","3035587.44"
"946","Product_946","8340","66471.48"
"947","Product_947","9144","434668.24"
"948","Product_948","2736","3445500.48"
"950","Product_950","7044","1372185.3600000006"
"962","Product_962","5580","2221452.08"
"967","Product_967","984","2245345.53"
"981","Product_981","11292","1117811.1"
"989","Product_989","6900","680432.23"
"991","Product_991","3876","2655905.8799999994"
"992","Product_992","5316","1736674.8599999999"
"993","Product_993","10044","740742.42"
"995","Product_995","11316","1235431.6800000002"
"997","Product_997","8412","2070864.77"
"1000","Product_1000","1368","1690114.22"
